{
  "cross_validation": {
    "f1_scores": [
      0.9056603773584906,
      0.9230769230769231,
      0.9056603773584906,
      0.897196261682243,
      0.96
    ],
    "mean_f1": 0.9183187878952295,
    "std_f1": 0.02247930212965555
  },
  "train_metrics": {
    "0": {
      "precision": 1.0,
      "recall": 0.9896039603960396,
      "f1-score": 0.9947748196068674,
      "support": 4040.0
    },
    "1": {
      "precision": 0.851063829787234,
      "recall": 1.0,
      "f1-score": 0.9195402298850575,
      "support": 240.0
    },
    "accuracy": 0.9901869158878505,
    "macro avg": {
      "precision": 0.925531914893617,
      "recall": 0.9948019801980198,
      "f1-score": 0.9571575247459625,
      "support": 4280.0
    },
    "weighted avg": {
      "precision": 0.9916484390534898,
      "recall": 0.9901869158878505,
      "f1-score": 0.9905560575663921,
      "support": 4280.0
    }
  },
  "test_metrics": {
    "0": {
      "precision": 1.0,
      "recall": 0.9871287128712871,
      "f1-score": 0.9935226706527155,
      "support": 1010.0
    },
    "1": {
      "precision": 0.821917808219178,
      "recall": 1.0,
      "f1-score": 0.9022556390977443,
      "support": 60.0
    },
    "accuracy": 0.9878504672897196,
    "macro avg": {
      "precision": 0.910958904109589,
      "recall": 0.9935643564356436,
      "f1-score": 0.94788915487523,
      "support": 1070.0
    },
    "weighted avg": {
      "precision": 0.9900140827038791,
      "recall": 0.9878504672897196,
      "f1-score": 0.9884048931823434,
      "support": 1070.0
    }
  }
}